{"cameraMode":{"drawMode":0,"name":"Shaded","section":"Shading Mode"},"sceneLighting":true,"audioPlay":false,"sceneViewState":{"m_AlwaysRefresh":false,"showFog":true,"showSkybox":true,"showFlares":true,"showImageEffects":true,"showParticleSystems":true,"showVisualEffectGraphs":true,"m_FxEnabled":true},"in2DMode":false,"pivot":{"x":62.015174865722659,"y":23.640920639038087,"z":18.104087829589845},"rotation":{"x":0.21727439761161805,"y":0.46283912658691409,"z":-0.11812865734100342,"w":0.851262629032135},"size":2.907945156097412,"orthographic":false}